0,-24,-23,-26,-23,-23,-22,-24,-24,-22,-25,-24,-23,-22,-25,-23,-22,-21,-23,-23,-22,-24,-23,-22,-21,-23,-22,-21,-24,-23,-23,-20,-24,-22,-21,-20,-22,-21,-20,-23,-21,-22,-19,-22,-21,-20,-23,-21,-20,-22,-22,-20,-19,-18,-21,-20,-20,-22,-21,-21,-23,-21,-21,-20,-23,-22,-21,-24,-24,-22,-20,-23,-22,-21,-20,-23,-21,-21,-23,-21,-21,-19,-23,-21,-20,-23,-23,-21,-19,-22,-21,-20,-18,-22,-20,-19,-22,-20,-19,-18,-21,-20,-20,-22,-20,-20,-18,-20,-20,-18,-21,-21,-20,-18,-22,-19,-18,-18,-20,-20,-18,-21,-19,-19,-18,-20,-19,-18,-21,-20,-20,-17,-21,-19,-19,-18,-20,-19,-19,-21,-20,-20,-18,-20,-20,-19,-21,-20,-19,-21,-21,-19,-18,-18,-19,-19,-19,-21,-20,-19,-21,-20,-20,-18,-21,-20,-20,-22,-21,-20,-18,-21,-20,-19,-18,-21,-19,-19,-22,-20,-20,-18,-21,-20,-19,-22,-22,-19,-18,-22,-20,-19,-18,-21,-19,-18,-21,-20,-19,-18,-21,-20,-19,-22,-21,-19,-18,-21,-20,-18,-18,-20,-19,-19,-22,-20,-20,-18,-20,-20,-18,-21,-20,-20,-18,-22,-19,-18,-18,-20,-20,-19,-21,-19,-20,-18,-20,-20,-18,-21,-20,-20,-17,-21,-19,-19,-18,-20,-19,-18,-21,-20,-20,-18,-20,-20,-18,-21,-20,-19,-21,-21,-20,-18,-18,-20,-20,-19,-21,-20,-19,-22,-20,-20,-18,-22,-20,-20,-22,-22,-21,-18,-22,-21,-19,-19,-22,-20,-19,-22,-20,-20,-18,-22,-20,-19,-22,-22,-19,-18,-22,-20,-19,-18,-21,-20,-19,-22,-20,-20,-18,-21,-20,-19,-22,-21,-20,-18,-22,-20,-18,-18,-21,-20,-19,-22,-20,-19,-18,-20,-20,-19,-21,-20,-19,-18,-21,-20,-18,-18,-20,-19,-18,-21,-19,-19,-18,-20,-20,-18,-21,-20,-20,-18,-21,-19,-18,-18,-20,-19,-18,-21,-20,-20,-18,-20,-19,-19,-21,-20,-19,-21,-21,-19,-18,-18,-20,-19,-18,-21,-20,-19,-21,-19,-19,-18,-21,-19,-19,-21,-21,-19,-18,-21,-20,-19,-18,-21,-19,-19,-21,-20,-20,-18,-21,-20,-19,-21,-21,-19,-18,-21,-20,-19,-18,-21,-20,-19,-21,-20,-19,-18,-21,-20,-19,-22,-21,-20,-18,-21,-20,-19,-18,-20,-20,-19,-22,-20,-20,-18,-20,-20,-18,-21,-21,-19,-18,-22,-20,-18,-18,-20,-20,-18,-21,-20,-19,-18,-20,-20,-19,-21,-20,-20,-18,-21,-19,-19,-18,-20,-19,-18,-21,-20,-20,-18,-20,-20,-19,-22,-20,-19,-21,-21,-20,-18,-18,-20,-19,-19,-22,-20,-19,-21,-20,-20,-18,-22,-20,-19,-21
10,-46,-46,-46,-45,-46,-45,-46,-45,-45,-44,-46,-45,-46,-47,-44,-46,-46,-45,-46,-45,-45,-46,-45,-45,-46,-45,-46,-46,-45,-46,-45,-45,-46,-45,-45,-45,-45,-48,-46,-46,-47,-48,-45,-46,-45,-45,-46,-48,-46,-48,-47,-48,-46,-47,-46,-46,-47,-47,-48,-45,-45,-48,-46,-48,-46,-46,-49,-47,-46,-48,-46,-46,-47,-46,-46,-47,-46,-46,-47,-47,-47,-46,-47,-46,-46,-46,-46,-47,-46,-44,-46,-47,-47,-46,-46,-44,-46,-44,-45,-46,-47,-46,-46,-45,-47,-44,-46,-46,-45,-47,-46,-47,-46,-46,-47,-46,-45,-47,-46,-45,-47,-46,-45,-46,-46,-45,-46,-46,-46,-46,-45,-45,-46,-44,-48,-46,-45,-48,-45,-46,-46,-45,-46,-46,-45,-47,-46,-45,-45,-48,-46,-48,-49,-45,-46,-46,-48,-46,-46,-48,-48,-45,-47,-49,-46,-49,-49,-47,-48,-45,-46,-46,-45,-46,-48,-47,-47,-46,-46,-47,-46,-46,-44,-48,-46,-47,-47,-46,-47,-46,-46,-45,-46,-46,-46,-46,-46,-46,-46,-47,-47,-46,-48,-47,-46,-47,-47,-46,-46,-47,-47,-47,-46,-47,-47,-47,-46,-47,-46,-46,-47,-47,-44,-46,-46,-45,-46,-45,-47,-46,-45,-47,-46,-46,-46,-46,-45,-46,-45,-46,-46,-44,-45,-46,-45,-48,-44,-45,-48,-46,-45,-49,-45,-45,-46,-45,-46,-47,-45,-45,-45,-45,-49,-46,-45,-46,-48,-48,-46,-48,-45,-49,-47,-48,-48,-47,-48,-47,-47,-48,-48,-46,-49,-45,-46,-46,-46,-47,-49,-47,-47,-46,-46,-46,-45,-46,-47,-47,-46,-45,-45,-46,-45,-46,-47,-44,-47,-46,-46,-46,-47,-46,-47,-48,-48,-46,-44,-47,-46,-46,-46,-46,-47,-46,-47,-45,-47,-46,-47,-46,-44,-47,-46,-44,-43,-46,-47,-47,-46,-44,-46,-45,-47,-47,-45,-47,-46,-45,-46,-46,-46,-46,-45,-45,-46,-45,-45,-46,-45,-45,-46,-46,-46,-45,-45,-48,-45,-48,-46,-45,-46,-45,-46,-49,-48,-45,-46,-49,-46,-46,-46,-46,-48,-45,-46,-45,-47,-47,-46,-47,-47,-48,-46,-45,-48,-47,-48,-47,-47,-46,-47,-47,-46,-46,-46,-47,-47,-46,-46,-47,-46,-47,-47,-47,-47,-47,-47,-46,-45,-46,-45,-46,-47,-45,-47,-47,-46,-46,-46,-47,-46,-47,-45,-47,-46,-48,-45,-46,-46,-44,-46,-46,-45,-46,-44,-46,-46,-45,-46,-45,-47,-45,-44,-45,-47,-45,-46,-46,-45,-46,-45,-45,-46,-44,-45,-47,-46,-46,-46,-45,-46,-45,-46,-46,-45,-46,-48,-45,-46,-47,-46,-46,-46,-45,-49,-48,-45,-49,-48,-46,-48,-45,-48,-49,-45,-46,-46,-46,-46,-49
20,-61,-63,-62,-61,-63,-61,-61,-63,-61,-60,-62,-60,-63,-62,-60,-59,-60,-61,-59,-62,-61,-59,-61,-60,-59,-60,-59,-69,-60,-58,-70,-61,-59,-70,-59,-59,-69,-59,-69,-70,-60,-70,-70,-60,-70,-70,-59,-72,-71,-71,-71,-68,-67,-67,-66,-67,-69,-66,-69,-69,-65,-70,-72,-68,-70,-68,-66,-71,-70,-68,-70,-68,-67,-71,-68,-67,-70,-69,-66,-68,-66,-64,-66,-64,-63,-65,-64,-63,-66,-65,-64,-67,-65,-63,-67,-64,-63,-66,-64,-62,-65,-63,-62,-65,-63,-66,-64,-62,-61,-63,-62,-60,-63,-61,-65,-63,-61,-60,-63,-61,-61,-62,-60,-60,-61,-60,-59,-61,-60,-59,-61,-61,-59,-61,-60,-58,-61,-59,-72,-60,-63,-72,-60,-59,-71,-59,-58,-71,-60,-71,-72,-59,-71,-71,-59,-72,-71,-58,-72,-71,-71,-71,-70,-71,-72,-70,-72,-72,-70,-73,-72,-69,-73,-71,-68,-71,-70,-67,-72,-69,-66,-72,-69,-66,-71,-68,-65,-69,-68,-65,-69,-66,-65,-69,-66,-65,-68,-65,-64,-67,-66,-63,-66,-65,-62,-67,-65,-63,-65,-64,-62,-65,-63,-61,-64,-63,-62,-65,-63,-62,-64,-62,-60,-63,-61,-61,-63,-60,-59,-63,-61,-59,-62,-59,-60,-62,-60,-58,-61,-60,-59,-61,-60,-58,-60,-58,-58,-60,-58,-71,-60,-59,-71,-61,-59,-72,-58,-58,-71,-59,-71,-71,-63,-71,-71,-59,-72,-71,-59,-72,-71,-71,-72,-70,-71,-71,-68,-72,-71,-68,-72,-71,-68,-71,-69,-67,-70,-69,-67,-70,-68,-65,-70,-68,-65,-70,-67,-64,-69,-66,-64,-68,-65,-64,-68,-66,-64,-67,-64,-63,-66,-65,-63,-66,-64,-62,-66,-65,-63,-64,-63,-61,-65,-62,-62,-64,-62,-61,-64,-62,-60,-64,-62,-60,-63,-61,-59,-63,-61,-60,-63,-60,-59,-61,-60,-59,-62,-60,-59,-60,-59,-58,-61,-59,-59,-60,-59,-57,-60,-58,-69,-60,-58,-69,-59,-59,-70,-59,-58,-71,-59,-70,-71,-59,-70,-71,-58,-70,-70,-58,-71,-70,-70,-70,-70,-70,-70,-68,-70,-70,-68,-71,-70,-67,-70,-69,-66,-70,-68,-66,-70,-68,-65,-70,-67,-65,-69,-66,-64,-68,-66,-64,-67,-65,-63,-67,-65,-64,-66,-65,-63,-66,-64,-62,-65,-64,-62,-66,-63,-62,-64,-62,-61,-64,-63,-60,-64,-62,-61,-63,-62,-61,-63,-61,-60,-62,-61,-60,-62,-61,-59,-62,-65,-59,-61,-60,-58,-61,-60,-58,-60,-60,-58,-61,-59,-59,-59,-59,-58,-59,-59,-69,-59,-59,-69,-59,-59,-70,-60,-58,-71,-59,-60,-70,-58,-70,-69,-59,-71,-70,-57,-70,-70,-69,-69,-68,-69,-69,-68,-70
30,-64,-67,-65,-64,-67,-65,-64,-67,-65,-64,-65,-65,-64,-66,-65,-64,-66,-64,-64,-66,-65,-65,-69,-66,-65,-67,-65,-65,-65,-64,-64,-65,-65,-65,-64,-64,-63,-63,-63,-62,-64,-62,-62,-64,-62,-62,-63,-62,-62,-64,-62,-62,-64,-63,-62,-63,-63,-63,-63,-62,-62,-62,-63,-62,-63,-63,-62,-63,-63,-62,-63,-62,-61,-63,-63,-62,-62,-62,-62,-63,-62,-61,-64,-61,-61,-62,-61,-68,-62,-61,-68,-62,-62,-68,-62,-61,-67,-61,-68,-66,-61,-67,-66,-62,-68,-66,-61,-67,-66,-68,-66,-65,-68,-66,-65,-67,-65,-64,-67,-66,-65,-67,-66,-64,-66,-65,-63,-66,-65,-64,-65,-65,-64,-65,-64,-63,-64,-65,-64,-64,-64,-63,-65,-64,-63,-64,-64,-63,-64,-63,-63,-64,-64,-63,-64,-63,-63,-64,-63,-62,-64,-63,-63,-63,-62,-62,-64,-63,-62,-63,-63,-62,-62,-62,-63,-62,-63,-62,-63,-63,-62,-62,-62,-61,-62,-62,-62,-62,-62,-61,-63,-62,-62,-62,-62,-62,-62,-62,-67,-62,-62,-68,-62,-61,-67,-61,-61,-66,-62,-68,-67,-62,-63,-66,-63,-68,-66,-61,-67,-66,-68,-66,-66,-67,-67,-65,-68,-66,-65,-68,-66,-65,-66,-66,-64,-66,-65,-64,-66,-65,-64,-66,-64,-64,-66,-64,-64,-65,-65,-64,-65,-64,-64,-65,-65,-63,-64,-64,-63,-64,-64,-63,-65,-64,-63,-65,-64,-63,-64,-63,-63,-64,-63,-63,-63,-63,-62,-64,-62,-62,-63,-63,-62,-63,-63,-62,-63,-63,-63,-63,-62,-62,-63,-63,-61,-63,-62,-62,-63,-62,-62,-63,-62,-62,-63,-62,-62,-62,-62,-69,-63,-62,-69,-62,-63,-68,-61,-62,-68,-63,-69,-67,-62,-68,-67,-62,-68,-66,-62,-68,-67,-69,-67,-66,-69,-67,-65,-67,-67,-65,-68,-67,-64,-67,-66,-65,-66,-65,-65,-66,-64,-64,-66,-65,-64,-66,-64,-64,-65,-65,-64,-65,-64,-64,-65,-64,-64,-65,-64,-63,-64,-64,-63,-64,-64,-63,-65,-64,-63,-64,-63,-63,-64,-63,-63,-63,-63,-63,-64,-63,-62,-64,-63,-62,-62,-63,-63,-63,-62,-62,-63,-63,-62,-62,-63,-62,-63,-63,-61,-62,-63,-62,-62,-62,-62,-63,-62,-62,-62,-62,-69,-62,-61,-68,-62,-62,-67,-61,-62,-68,-62,-68,-67,-62,-69,-66,-62,-68,-67,-62,-68,-67,-69,-67,-66,-68,-66,-65,-68,-66,-64,-68,-66,-65,-67,-66,-65,-67,-65,-65,-67,-65,-65,-67,-65,-65,-66,-64,-63,-65,-64,-63,-65,-64,-63,-65,-64,-64,-64,-64,-63,-65,-64,-63,-64,-64,-63,-65,-63,-63,-63,-62,-62,-63,-63,-63,-62,-62,-63,-63
40,-58,-56,-59,-58,-56,-59,-58,-58,-56,-59,-58,-57,-56,-59,-58,-56,-59,-58,-58,-55,-58,-57,-56,-59,-59,-57,-59,-59,-58,-56,-55,-59,-57,-56,-59,-58,-57,-60,-59,-58,-56,-60,-58,-58,-60,-59,-59,-55,-60,-58,-56,-56,-59,-58,-57,-59,-58,-59,-56,-59,-59,-57,-59,-59,-58,-55,-59,-58,-57,-56,-58,-58,-56,-60,-59,-58,-56,-58,-58,-57,-59,-59,-58,-56,-59,-58,-56,-55,-58,-58,-57,-60,-58,-59,-56,-58,-58,-57,-58,-59,-58,-56,-59,-58,-57,-56,-58,-58,-56,-58,-58,-58,-56,-59,-59,-56,-59,-58,-59,-56,-59,-59,-57,-56,-58,-58,-57,-59,-58,-58,-56,-58,-58,-56,-60,-58,-57,-59,-59,-58,-56,-56,-58,-58,-57,-59,-59,-57,-59,-58,-58,-56,-58,-59,-57,-60,-59,-58,-56,-59,-58,-57,-56,-59,-58,-59,-59,-59,-59,-56,-59,-58,-57,-59,-59,-58,-56,-59,-58,-58,-56,-58,-58,-57,-59,-59,-58,-56,-58,-58,-57,-59,-59,-58,-56,-59,-59,-57,-56,-57,-58,-57,-59,-58,-58,-56,-59,-59,-57,-59,-58,-58,-56,-60,-59,-58,-56,-58,-58,-57,-59,-58,-58,-56,-58,-58,-57,-59,-58,-59,-56,-59,-58,-57,-56,-58,-57,-57,-59,-58,-58,-56,-58,-59,-57,-59,-58,-58,-59,-58,-58,-57,-56,-58,-58,-56,-58,-58,-58,-59,-58,-58,-57,-58,-57,-58,-59,-58,-59,-56,-59,-58,-57,-56,-58,-58,-58,-59,-58,-59,-56,-58,-58,-57,-59,-58,-58,-56,-59,-58,-57,-56,-58,-59,-57,-59,-59,-58,-56,-57,-58,-57,-59,-58,-58,-57,-59,-59,-58,-56,-57,-58,-57,-60,-58,-59,-56,-58,-58,-58,-59,-57,-58,-56,-59,-59,-57,-56,-58,-59,-57,-58,-57,-58,-56,-58,-58,-56,-59,-58,-59,-56,-58,-58,-56,-56,-58,-57,-57,-59,-58,-58,-56,-58,-59,-57,-58,-58,-58,-59,-59,-59,-56,-56,-57,-58,-57,-59,-58,-58,-59,-58,-58,-56,-59,-58,-58,-58,-59,-58,-56,-59,-57,-58,-56,-60,-58,-59,-59,-58,-59,-56,-58,-58,-58,-58,-59,-57,-56,-58,-57,-58,-57,-58,-58,-58,-59,-59,-58,-56,-58,-58,-57,-59,-58,-58,-56,-58,-58,-57,-57,-57,-57,-58,-58,-58,-58,-57,-58,-58,-56,-58,-58,-58,-56,-60,-59,-57,-57,-57,-58,-56,-58,-58,-58,-57,-58,-58,-57,-59,-58,-59,-56,-58,-57,-57,-57,-58,-58,-57,-58,-58,-59,-56,-57,-58,-57,-59,-58,-58,-59,-59,-59,-57,-56,-58,-58,-57,-58,-58,-58,-59,-57,-58,-57,-59,-57,-58,-59,-59,-58,-56,-58,-58,-57,-56,-59,-59,-58,-59
50,-62,-64,-62,-61,-62,-62,-61,-60,-64,-62,-61,-62,-62,-63,-61,-64,-62,-61,-62,-64,-63,-61,-62,-63,-61,-61,-64,-62,-61,-62,-62,-62,-61,-64,-62,-62,-63,-64,-63,-61,-62,-64,-61,-61,-63,-61,-61,-63,-63,-62,-61,-63,-62,-61,-63,-63,-62,-62,-63,-63,-61,-61,-65,-61,-61,-63,-63,-61,-61,-64,-63,-60,-63,-64,-61,-61,-62,-63,-61,-62,-64,-63,-61,-63,-64,-63,-62,-63,-64,-62,-64,-63,-63,-62,-63,-64,-62,-62,-63,-61,-61,-64,-63,-61,-62,-63,-63,-61,-63,-64,-61,-62,-63,-63,-61,-61,-63,-61,-61,-63,-63,-61,-62,-63,-63,-61,-64,-63,-61,-62,-63,-63,-60,-62,-63,-61,-62,-63,-63,-61,-62,-63,-63,-61,-63,-63,-61,-62,-63,-63,-61,-62,-63,-63,-61,-63,-62,-61,-62,-63,-63,-61,-63,-63,-61,-62,-63,-62,-61,-62,-63,-61,-61,-64,-61,-61,-63,-63,-62,-61,-64,-63,-60,-63,-64,-61,-61,-62,-63,-61,-61,-64,-62,-60,-62,-63,-61,-62,-63,-63,-61,-63,-64,-61,-61,-63,-63,-61,-61,-63,-61,-61,-63,-63,-62,-62,-63,-63,-60,-63,-64,-61,-62,-63,-63,-61,-62,-63,-63,-61,-63,-63,-61,-61,-63,-63,-62,-63,-63,-61,-62,-64,-63,-61,-62,-63,-62,-61,-63,-63,-61,-61,-64,-63,-61,-63,-64,-60,-62,-63,-62,-60,-61,-64,-61,-61,-63,-62,-61,-62,-63,-63,-61,-63,-64,-61,-62,-63,-62,-61,-61,-63,-60,-61,-63,-61,-62,-62,-63,-62,-61,-63,-63,-60,-62,-63,-61,-61,-62,-64,-61,-61,-64,-62,-62,-63,-63,-61,-61,-63,-63,-60,-63,-63,-62,-61,-62,-64,-61,-61,-63,-61,-61,-63,-63,-62,-61,-63,-64,-61,-62,-63,-61,-61,-63,-63,-61,-61,-64,-61,-61,-63,-63,-61,-61,-64,-63,-61,-63,-63,-61,-62,-63,-63,-60,-61,-63,-61,-61,-63,-63,-61,-61,-64,-64,-61,-63,-63,-61,-62,-63,-62,-61,-61,-63,-61,-61,-63,-62,-61,-62,-63,-63,-61,-63,-63,-61,-62,-63,-62,-61,-62,-63,-61,-61,-63,-61,-61,-62,-63,-61,-61,-64,-64,-60,-62,-63,-61,-62,-61,-64,-61,-61,-63,-61,-61,-63,-63,-61,-61,-63,-63,-61,-63,-63,-62,-61,-63,-63,-61,-62,-63,-60,-61,-63,-63,-61,-61,-63,-63,-61,-63,-62,-61,-61,-63,-63,-61,-61,-64,-60,-60,-63,-64,-61,-61,-63,-63,-61,-62,-63,-61,-62,-63,-64,-60,-62,-63,-61,-61,-63,-62,-61,-61,-64,-63,-61,-63,-63,-61,-61,-63,-62,-61,-62,-63,-61,-60,-63,-62,-62,-62,-63,-63,-61,-63,-63,-62,-62,-63
60,-62,-61,-69,-64,-61,-61,-68,-62,-62,-70,-64,-62,-61,-67,-65,-62,-69,-68,-63,-61,-70,-63,-62,-61,-67,-62,-61,-70,-63,-62,-61,-68,-64,-61,-70,-68,-63,-62,-70,-63,-61,-62,-68,-62,-62,-70,-63,-63,-61,-66,-63,-62,-70,-68,-62,-70,-71,-64,-63,-62,-68,-63,-63,-72,-65,-63,-69,-67,-65,-64,-73,-67,-62,-67,-69,-62,-62,-72,-66,-62,-62,-71,-62,-62,-67,-64,-63,-61,-69,-65,-62,-69,-71,-62,-62,-69,-65,-63,-62,-70,-63,-62,-70,-65,-63,-62,-69,-66,-62,-69,-70,-62,-62,-69,-64,-62,-62,-70,-63,-63,-70,-64,-63,-62,-69,-65,-63,-70,-70,-63,-62,-70,-64,-63,-62,-69,-63,-63,-70,-64,-63,-62,-68,-64,-63,-71,-69,-63,-62,-70,-64,-63,-62,-69,-63,-63,-70,-64,-63,-62,-67,-64,-63,-71,-68,-62,-68,-70,-63,-62,-62,-67,-63,-63,-71,-63,-62,-69,-66,-64,-63,-71,-67,-63,-69,-71,-63,-62,-69,-66,-62,-63,-62,-62,-63,-69,-66,-63,-62,-71,-66,-62,-70,-71,-63,-62,-70,-65,-63,-62,-71,-63,-63,-70,-65,-63,-62,-70,-65,-63,-71,-71,-63,-63,-70,-65,-63,-63,-70,-63,-63,-70,-65,-63,-62,-69,-66,-63,-71,-70,-63,-62,-71,-64,-63,-63,-69,-63,-63,-70,-64,-63,-62,-68,-64,-63,-70,-69,-64,-61,-71,-64,-63,-63,-68,-63,-63,-71,-64,-63,-62,-67,-64,-63,-71,-69,-63,-70,-71,-64,-63,-61,-67,-63,-63,-71,-63,-63,-69,-67,-64,-63,-71,-67,-63,-69,-72,-64,-63,-63,-66,-62,-63,-72,-64,-63,-70,-66,-64,-63,-71,-66,-63,-70,-72,-63,-63,-63,-65,-63,-62,-72,-63,-62,-71,-65,-63,-62,-70,-66,-63,-71,-72,-64,-63,-63,-66,-62,-63,-69,-63,-62,-69,-63,-62,-62,-69,-66,-63,-70,-69,-63,-63,-70,-64,-63,-62,-68,-64,-62,-70,-63,-63,-62,-67,-64,-63,-70,-68,-63,-61,-71,-63,-62,-62,-68,-63,-62,-70,-63,-63,-62,-67,-64,-62,-69,-68,-63,-69,-70,-63,-63,-62,-67,-63,-63,-70,-63,-63,-70,-66,-63,-63,-71,-67,-62,-70,-70,-63,-62,-70,-66,-62,-63,-71,-63,-63,-71,-66,-64,-62,-70,-67,-63,-70,-71,-63,-62,-63,-66,-62,-62,-71,-62,-63,-71,-65,-63,-63,-69,-65,-62,-71,-70,-62,-62,-70,-65,-63,-62,-70,-63,-63,-71,-65,-63,-62,-69,-65,-63,-70,-69,-63,-62,-71,-64,-63,-62,-68,-63,-62,-70,-64,-63,-63,-69,-65,-62,-70,-68,-63,-62,-70,-64,-63,-62,-68,-63,-62,-71,-63,-63,-61,-67,-63,-63,-71,-68,-63,-70
70,-69,-69,-68,-67,-70,-70,-69,-69,-69,-70,-68,-70,-69,-68,-67,-70,-70,-67,-69,-68,-68,-68,-69,-68,-68,-70,-69,-69,-67,-72,-69,-69,-71,-70,-73,-70,-71,-70,-68,-69,-71,-73,-71,-72,-72,-72,-69,-70,-70,-69,-70,-70,-70,-69,-71,-70,-69,-70,-71,-71,-69,-71,-71,-70,-69,-70,-70,-69,-71,-70,-70,-70,-71,-70,-69,-69,-69,-70,-68,-71,-70,-70,-69,-70,-71,-68,-69,-70,-70,-70,-68,-71,-68,-69,-70,-70,-70,-70,-71,-70,-70,-70,-70,-69,-70,-70,-70,-70,-70,-70,-68,-70,-70,-69,-68,-70,-71,-70,-70,-70,-71,-69,-71,-70,-70,-71,-70,-71,-69,-71,-71,-69,-69,-70,-72,-70,-71,-70,-72,-68,-71,-70,-70,-71,-71,-72,-68,-71,-71,-68,-68,-71,-71,-69,-71,-71,-72,-69,-71,-70,-68,-71,-70,-71,-69,-71,-72,-69,-69,-71,-71,-68,-71,-71,-71,-68,-70,-71,-68,-71,-71,-71,-69,-71,-71,-68,-69,-70,-70,-68,-72,-71,-70,-69,-69,-71,-68,-70,-70,-70,-69,-71,-71,-70,-69,-69,-69,-68,-70,-70,-70,-70,-70,-70,-69,-70,-70,-71,-71,-70,-71,-69,-71,-70,-70,-69,-71,-71,-71,-71,-70,-71,-69,-71,-70,-70,-70,-71,-71,-68,-70,-70,-70,-69,-71,-71,-69,-71,-71,-72,-67,-71,-71,-69,-72,-70,-71,-68,-71,-70,-68,-68,-71,-72,-70,-68,-72,-71,-68,-71,-71,-68,-71,-71,-71,-68,-71,-71,-69,-68,-70,-71,-69,-71,-72,-71,-69,-71,-71,-69,-71,-71,-71,-69,-71,-71,-68,-69,-70,-71,-69,-71,-72,-71,-69,-71,-72,-70,-71,-71,-71,-69,-71,-72,-69,-70,-70,-70,-68,-69,-71,-70,-71,-70,-71,-68,-70,-69,-70,-71,-70,-71,-70,-71,-70,-70,-68,-70,-71,-71,-71,-70,-72,-71,-70,-70,-70,-72,-71,-71,-69,-72,-71,-70,-69,-71,-72,-70,-71,-71,-72,-70,-72,-70,-70,-72,-71,-72,-69,-71,-70,-69,-69,-71,-72,-69,-72,-72,-71,-69,-72,-70,-68,-71,-72,-72,-69,-71,-70,-68,-68,-70,-71,-68,-71,-71,-71,-70,-70,-71,-70,-72,-71,-71,-71,-71,-72,-69,-70,-71,-71,-70,-71,-72,-71,-71,-70,-72,-70,-71,-70,-71,-72,-71,-72,-70,-71,-71,-71,-68,-71,-72,-69,-68,-72,-70,-68,-70,-72,-71,-71,-70,-72,-68,-69,-73,-70,-70,-70,-70,-70,-70,-71,-70,-68,-72,-69,-68,-72,-72,-71,-69,-70,-73,-68,-67,-72,-71,-69,-71,-71,-71,-69,-73,-70,-69,-72,-70,-71,-69,-72,-72,-68,-69,-72,-72,-70,-68,-72,-72,-68,-72,-72,-68,-72,-73,-72,-70,-72,-72
80,-70,-68,-70,-70,-71,-73,-71,-70,-71,-73,-70,-71,-68,-70,-71,-71,-73,-70,-71,-68,-69,-70,-72,-72,-70,-71,-69,-72,-69,-72,-69,-69,-71,-71,-73,-70,-70,-68,-69,-69,-70,-72,-70,-70,-67,-71,-69,-70,-69,-70,-70,-71,-71,-70,-70,-67,-68,-69,-70,-71,-70,-70,-72,-71,-69,-71,-68,-70,-70,-70,-71,-70,-70,-73,-70,-69,-70,-71,-69,-70,-72,-70,-69,-69,-73,-70,-70,-70,-71,-69,-71,-73,-69,-69,-69,-70,-70,-69,-72,-70,-69,-68,-72,-69,-70,-69,-70,-68,-70,-70,-69,-69,-69,-69,-69,-69,-71,-71,-70,-68,-72,-69,-71,-69,-69,-69,-71,-72,-68,-68,-69,-68,-69,-72,-71,-69,-68,-71,-71,-69,-71,-68,-69,-70,-70,-71,-69,-68,-69,-69,-68,-71,-70,-69,-70,-68,-70,-69,-70,-68,-70,-69,-69,-71,-69,-70,-68,-69,-69,-70,-70,-69,-69,-73,-71,-69,-70,-68,-69,-69,-70,-70,-68,-69,-72,-69,-68,-70,-71,-69,-70,-72,-71,-68,-69,-72,-69,-70,-71,-71,-68,-69,-72,-69,-69,-69,-71,-69,-70,-71,-71,-68,-70,-72,-69,-71,-70,-70,-68,-70,-70,-70,-68,-70,-70,-69,-70,-72,-70,-69,-69,-71,-70,-71,-70,-70,-69,-68,-71,-69,-69,-70,-69,-69,-70,-70,-69,-69,-70,-71,-69,-71,-69,-70,-68,-70,-71,-69,-68,-69,-69,-69,-71,-70,-69,-69,-68,-70,-68,-71,-70,-69,-68,-70,-70,-69,-69,-69,-69,-68,-68,-69,-70,-69,-71,-71,-68,-70,-69,-69,-69,-71,-70,-68,-69,-71,-68,-68,-71,-70,-69,-69,-71,-70,-69,-70,-71,-69,-70,-70,-70,-69,-70,-72,-69,-69,-70,-70,-70,-69,-71,-71,-68,-70,-71,-69,-71,-70,-70,-68,-70,-71,-70,-68,-70,-69,-69,-70,-72,-69,-69,-70,-71,-69,-71,-69,-69,-69,-71,-72,-69,-68,-69,-69,-69,-70,-70,-69,-69,-69,-72,-69,-71,-69,-69,-69,-70,-70,-68,-68,-69,-70,-68,-71,-70,-69,-69,-69,-71,-69,-70,-69,-69,-69,-70,-71,-69,-69,-68,-69,-68,-71,-71,-70,-69,-73,-70,-69,-70,-68,-69,-70,-71,-70,-69,-70,-72,-69,-68,-70,-70,-69,-70,-71,-70,-69,-69,-71,-69,-69,-70,-70,-69,-69,-72,-69,-69,-70,-70,-69,-70,-71,-71,-68,-69,-71,-69,-70,-69,-72,-69,-70,-71,-69,-68,-69,-69,-69,-70,-72,-70,-68,-69,-71,-69,-70,-69,-70,-68,-71,-71,-69,-69,-69,-70,-70,-71,-71,-70,-69,-69,-71,-68,-70,-69,-71,-69,-71,-70,-69,-69,-69,-70,-69,-70,-70,-69,-69,-69,-70,-69,-71,-70,-69,-69,-70,-70,-69,-69,-69
90,-67,-64,-64,-68,-66,-64,-68,-67,-65,-63,-68,-67,-64,-69,-69,-65,-64,-68,-67,-64,-63,-68,-65,-64,-69,-66,-66,-64,-67,-67,-64,-68,-68,-65,-65,-67,-66,-64,-65,-67,-66,-64,-68,-66,-65,-65,-68,-66,-64,-68,-67,-66,-64,-69,-67,-64,-64,-67,-65,-64,-69,-67,-65,-65,-67,-66,-64,-68,-68,-64,-67,-68,-66,-63,-64,-67,-65,-65,-69,-67,-64,-67,-66,-67,-64,-69,-68,-64,-68,-67,-66,-64,-68,-68,-64,-68,-68,-65,-64,-68,-67,-64,-63,-67,-65,-65,-68,-67,-66,-64,-66,-66,-65,-69,-68,-65,-64,-68,-66,-63,-64,-66,-65,-64,-68,-66,-65,-64,-67,-67,-64,-69,-67,-65,-64,-69,-67,-64,-65,-67,-66,-64,-68,-66,-65,-64,-67,-67,-64,-68,-67,-66,-64,-68,-66,-64,-64,-67,-64,-64,-68,-67,-65,-64,-67,-66,-64,-68,-67,-65,-68,-68,-67,-64,-65,-67,-64,-65,-68,-66,-64,-68,-67,-66,-64,-69,-67,-65,-68,-68,-66,-63,-67,-67,-64,-64,-69,-65,-65,-68,-67,-66,-64,-68,-66,-64,-68,-68,-65,-64,-67,-67,-65,-64,-68,-65,-64,-69,-67,-65,-64,-67,-67,-64,-68,-68,-66,-64,-68,-67,-64,-64,-67,-65,-64,-69,-66,-65,-64,-67,-67,-63,-68,-67,-65,-65,-69,-66,-64,-64,-67,-65,-64,-68,-66,-65,-65,-67,-67,-64,-69,-67,-65,-64,-68,-66,-64,-64,-67,-65,-64,-68,-66,-66,-64,-67,-66,-64,-68,-67,-65,-67,-68,-66,-64,-64,-67,-65,-64,-68,-66,-64,-68,-67,-66,-64,-68,-66,-65,-68,-69,-66,-63,-67,-67,-64,-64,-69,-66,-65,-67,-67,-66,-64,-68,-66,-64,-68,-65,-65,-64,-68,-66,-64,-64,-68,-66,-64,-68,-68,-65,-64,-67,-67,-65,-69,-68,-66,-64,-68,-66,-64,-64,-67,-65,-64,-68,-67,-65,-64,-67,-67,-64,-68,-67,-65,-64,-68,-67,-64,-64,-67,-65,-64,-68,-66,-65,-64,-67,-67,-64,-68,-67,-65,-65,-68,-66,-64,-65,-67,-65,-64,-68,-66,-65,-65,-67,-67,-64,-68,-67,-65,-67,-69,-66,-64,-65,-67,-65,-65,-68,-66,-65,-68,-67,-66,-65,-68,-66,-65,-68,-68,-66,-63,-68,-67,-64,-65,-68,-65,-65,-68,-67,-67,-64,-68,-67,-64,-68,-68,-65,-64,-68,-67,-64,-64,-68,-66,-65,-68,-67,-66,-64,-67,-67,-65,-68,-68,-65,-64,-68,-67,-64,-64,-67,-65,-64,-69,-66,-65,-64,-67,-67,-64,-69,-67,-65,-65,-69,-67,-64,-64,-67,-65,-64,-68,-66,-66,-65,-67,-66,-64,-68,-67,-65,-64,-68,-66,-64,-64,-67,-64,-64,-68,-66,-66,-65,-67,-66,-65
100,-65,-63,-63,-65,-65,-63,-68,-64,-64,-62,-64,-63,-63,-66,-64,-64,-63,-66,-63,-63,-63,-64,-64,-63,-68,-64,-65,-62,-64,-63,-62,-67,-65,-64,-67,-66,-64,-63,-63,-65,-64,-62,-67,-63,-64,-67,-65,-64,-62,-67,-64,-64,-67,-67,-64,-62,-68,-64,-63,-63,-67,-64,-65,-68,-65,-65,-62,-67,-64,-63,-68,-68,-64,-62,-68,-64,-63,-62,-66,-64,-63,-68,-63,-64,-62,-65,-64,-63,-68,-66,-65,-62,-68,-64,-62,-62,-65,-64,-64,-68,-64,-64,-62,-65,-64,-63,-68,-65,-65,-62,-68,-63,-63,-62,-65,-65,-63,-67,-64,-64,-63,-65,-64,-63,-68,-65,-65,-62,-68,-63,-63,-63,-64,-65,-63,-68,-63,-65,-62,-64,-63,-63,-67,-64,-65,-68,-68,-64,-63,-62,-64,-64,-62,-68,-64,-65,-67,-64,-64,-63,-67,-64,-64,-68,-67,-65,-62,-67,-64,-63,-63,-67,-64,-64,-68,-64,-64,-62,-66,-64,-63,-68,-67,-64,-62,-67,-64,-63,-62,-66,-64,-63,-68,-64,-64,-62,-65,-64,-63,-68,-66,-64,-62,-68,-64,-63,-62,-65,-65,-63,-68,-63,-64,-62,-65,-64,-62,-68,-65,-65,-62,-68,-63,-63,-62,-65,-65,-63,-68,-63,-65,-62,-65,-64,-62,-67,-65,-65,-62,-67,-63,-63,-63,-65,-64,-63,-68,-63,-65,-63,-64,-64,-63,-67,-65,-65,-68,-68,-64,-62,-63,-64,-64,-63,-67,-64,-64,-67,-64,-64,-63,-67,-64,-64,-68,-68,-64,-62,-68,-64,-63,-63,-67,-64,-64,-68,-63,-64,-62,-67,-64,-63,-68,-68,-64,-62,-68,-64,-64,-62,-66,-64,-63,-68,-64,-64,-62,-65,-65,-63,-68,-63,-64,-63,-64,-64,-63,-67,-65,-65,-63,-68,-63,-63,-63,-65,-65,-63,-68,-64,-65,-63,-65,-63,-62,-68,-65,-65,-62,-68,-64,-63,-63,-65,-64,-63,-67,-64,-64,-62,-64,-63,-63,-68,-65,-65,-68,-67,-64,-64,-63,-65,-65,-63,-67,-65,-65,-67,-64,-64,-63,-67,-64,-64,-68,-68,-65,-62,-68,-64,-63,-62,-68,-64,-64,-68,-64,-64,-62,-66,-64,-64,-68,-67,-64,-62,-68,-64,-63,-62,-66,-65,-63,-68,-64,-64,-62,-65,-64,-64,-68,-66,-64,-62,-68,-65,-63,-62,-66,-65,-64,-68,-64,-64,-62,-65,-64,-63,-68,-65,-65,-63,-68,-63,-63,-63,-65,-65,-62,-68,-64,-65,-63,-65,-64,-62,-67,-65,-65,-63,-67,-64,-63,-63,-65,-64,-63,-68,-64,-65,-63,-65,-64,-63,-68,-65,-64,-67,-68,-64,-62,-63,-64,-64,-62,-68,-64,-65,-67,-64,-64,-63,-68,-64,-64,-68,-67,-65,-63,-67,-64,-63,-62,-67,-64,-64,-67,-64,-64,-62
120,-77,-71,-71,-78,-74,-72,-75,-76,-76,-71,-78,-76,-71,-71,-77,-74,-72,-74,-76,-71,-71,-78,-74,-71,-71,-74,-74,-71,-78,-75,-74,-76,-77,-74,-72,-75,-76,-74,-72,-78,-73,-71,-77,-76,-75,-73,-77,-75,-71,-77,-77,-74,-74,-78,-76,-73,-73,-77,-74,-71,-76,-72,-73,-73,-76,-76,-71,-75,-74,-76,-72,-76,-75,-77,-71,-77,-73,-72,-71,-73,-71,-71,-77,-75,-70,-70,-74,-72,-71,-70,-74,-70,-73,-76,-72,-74,-76,-75,-73,-74,-78,-78,-72,-78,-74,-71,-71,-77,-75,-72,-72,-76,-72,-71,-71,-74,-72,-72,-74,-73,-70,-77,-75,-71,-73,-76,-73,-70,-73,-74,-71,-71,-76,-74,-71,-72,-73,-74,-70,-76,-75,-71,-71,-76,-74,-72,-72,-74,-71,-70,-76,-73,-71,-74,-73,-74,-70,-73,-74,-72,-75,-76,-73,-71,-74,-73,-71,-70,-75,-73,-72,-75,-75,-73,-71,-74,-73,-70,-74,-75,-73,-71,-75,-77,-71,-71,-75,-73,-71,-72,-73,-74,-72,-75,-74,-70,-77,-74,-72,-73,-70,-73,-70,-72,-75,-72,-70,-77,-74,-73,-72,-75,-73,-70,-76,-75,-72,-72,-76,-74,-70,-73,-75,-72,-73,-76,-73,-72,-73,-74,-74,-70,-77,-76,-71,-72,-76,-74,-71,-73,-74,-71,-70,-76,-74,-71,-73,-74,-74,-71,-73,-74,-74,-74,-76,-75,-71,-73,-74,-71,-71,-73,-74,-71,-74,-76,-74,-72,-75,-74,-71,-73,-77,-73,-71,-74,-73,-71,-70,-75,-73,-72,-71,-74,-74,-71,-74,-74,-71,-75,-75,-73,-71,-76,-76,-71,-71,-74,-72,-72,-71,-73,-74,-72,-74,-75,-69,-77,-74,-73,-72,-75,-73,-71,-72,-75,-73,-73,-76,-74,-73,-72,-75,-74,-73,-77,-70,-72,-72,-76,-74,-70,-72,-75,-72,-71,-76,-74,-72,-73,-74,-74,-70,-76,-75,-71,-73,-76,-75,-73,-71,-75,-71,-74,-76,-73,-74,-73,-76,-74,-71,-77,-74,-71,-74,-76,-75,-70,-73,-74,-71,-70,-76,-73,-71,-74,-73,-74,-72,-75,-73,-71,-74,-73,-73,-71,-70,-74,-71,-70,-75,-73,-71,-71,-75,-73,-71,-74,-77,-71,-75,-73,-73,-72,-75,-74,-73,-71,-75,-73,-74,-75,-73,-73,-71,-75,-74,-70,-76,-75,-73,-72,-71,-73,-71,-72,-75,-73,-70,-76,-74,-73,-72,-75,-75,-70,-72,-74,-73,-73,-71,-74,-70,-72,-76,-74,-70,-77,-75,-74,-72,-74,-75,-70,-76,-75,-74,-72,-76,-75,-72,-71,-75,-72,-70,-76,-74,-71,-73,-74,-74,-72,-73,-75,0,-74,-76,-75,-71,-73,-74,-71,-71,-73,-74,-71,-74,-74,-75,-71,-75,-74,-71,-74,-73,-75,-74,-74,-73,-71
140,-74,-76,-76,-71,-74,-73,-73,-74,-73,-73,-74,-74,-75,-72,-72,-73,-76,-72,-74,-76,-76,-72,-72,-76,-72,-73,-72,-76,-72,-74,-76,-72,-73,-72,-75,-72,-73,-76,-73,-72,-72,-76,-73,-74,-72,-76,-73,-73,-76,-77,-73,-72,-74,-76,-74,-72,-76,-73,-73,-76,-76,-73,-72,-75,-73,-74,-77,-72,-74,-72,-74,-73,-73,-76,-76,-72,-72,-77,-76,-73,-73,-74,-74,-73,-73,-76,-74,-73,-74,-72,-73,-77,-77,-74,-73,-72,-74,-73,-74,-77,-74,-73,-78,-73,-73,-72,-76,-72,-73,-77,-74,-72,-75,-77,-73,-72,-73,-73,-73,-72,-77,-74,-76,-76,-72,-72,-72,-76,-73,-75,-76,-76,-76,-72,-73,-72,-73,-72,-76,-72,-74,-72,-72,-73,-74,-76,-73,-73,-76,-75,-73,-73,-76,-72,-74,-74,-77,-74,-75,-80,-75,-74,-76,-73,-75,-72,-76,-76,-73,-74,-75,-71,-73,-73,-75,-75,-75,-78,-74,-74,-75,-80,-74,-74,-77,-75,-74,-74,-78,-72,-76,-75,-76,-76,-74,-72,-73,-75,-74,-75,-77,-74,-77,-74,-74,-72,-77,-74,-73,-73,-78,-75,-73,-78,-75,-74,-72,-74,-73,-73,-77,-74,-74,-77,-72,-73,-72,-73,-73,-75,-73,-76,-75,-75,-77,-73,-77,-73,-76,-73,-73,-77,-77,-73,-72,-77,-73,-74,-73,-77,-73,-75,-77,-73,-74,-72,-76,-73,-74,-77,-76,-74,-72,-77,-74,-73,-72,-76,-73,-74,-78,-73,-73,-72,-75,-73,-74,-78,-76,-74,-73,-78,-73,-73,-73,-75,-74,-74,-77,-73,-74,-72,-77,-73,-73,-77,-74,-74,-74,-78,-73,-73,-73,-73,-75,-73,-77,-73,-75,-72,-74,-73,-72,-77,-74,-74,-73,-77,-73,-75,-73,-75,-75,-74,-77,-73,-75,-73,-73,-75,-73,-77,-75,-75,-76,-72,-73,-72,-73,-77,-73,-73,-76,-74,-75,-76,-73,-73,-72,-77,-73,-75,-77,-73,-73,-72,-76,-73,-74,-73,-72,-77,-75,-77,-72,-74,-72,-75,-73,-74,-77,-77,-73,-72,-77,-73,-73,-75,-76,-74,-72,-77,-77,-74,-73,-75,-77,-74,-78,-76,-73,-73,-77,-77,-73,-72,-74,-74,-74,-78,-73,-73,-73,-78,-73,-73,-77,-75,-74,-73,-78,-73,-73,-72,-74,-75,-74,-77,-74,-74,-73,-74,-73,-73,-77,-74,-75,-72,-77,-73,-73,-73,-75,-74,-73,-77,-74,-74,-73,-73,-73,-72,-77,-74,-75,-76,-72,-73,-72,-74,-73,-73,-74,-77,-74,-75,-76,-73,-73,-72,-72,-73,-73,-76,-77,-73,-72,-77,-77,-74,-73,-76,-73,-74,-76,-77,-75,-72,-76,-77,-73,-77,-76,-73,-72,-78,-73,-74,-72,-77,-73,-74,-78,-77,-74,-72,-75,-73,-73,-77
160,-74,-73,-73,-77,-72,-72,-75,-78,-75,-72,-77,-74,-72,-75,-78,-72,-72,-74,-73,-73,-72,-77,-73,-73,-74,-73,-72,-72,-77,-73,-72,-72,-77,-73,-73,-73,-73,-72,-72,-76,-73,-73,-72,-72,-72,-73,-74,-73,-72,-77,-75,-72,-73,-73,-72,-73,-72,-75,-73,-73,-76,-75,-72,-71,-75,-71,-72,-77,-75,-73,-72,-76,-71,-72,-73,-75,-72,-73,-77,-72,-78,-72,-74,-76,-72,-78,-75,-73,-73,-77,-72,-73,-72,-77,-73,-72,-77,-72,-72,-72,-73,-72,-73,-77,-74,-71,-72,-77,-72,-72,-73,-73,-73,-73,-77,-72,0,-73,-72,-75,-73,-76,-72,-73,-74,-76,-72,-73,-73,-73,-73,-72,-76,-71,-73,-74,-72,-72,-72,-75,-72,-73,-71,-76,-72,-72,-74,-73,-72,-73,-76,-72,-72,-75,-76,-73,-72,-76,-72,-72,-77,-74,-73,-72,-75,-72,-73,-72,-75,-72,-73,-77,-72,-72,-73,-75,-72,-73,-73,-74,-73,-72,-77,-71,-72,-73,-74,-72,-73,-77,-72,-73,-72,-73,-72,-72,-77,-75,-73,-73,-77,-71,-73,-72,-74,-72,-72,-78,-71,-72,-72,-73,-72,-72,-77,-76,-72,-73,-77,-74,-72,-73,-73,-73,-72,-77,-72,-72,-72,-71,-72,-72,-76,-73,-72,-74,-77,-72,-72,-74,-77,-73,-72,-76,-72,-73,-72,-72,-72,-72,-75,-73,-73,-74,-73,-73,-73,-74,-72,-73,-72,-75,-72,-73,-75,-72,-72,-73,-74,-72,-72,-76,-75,-72,-73,-72,-71,-72,-72,-74,-73,-72,-77,-71,-72,-72,-74,-76,-72,-77,-75,-73,-72,-77,-72,-72,-73,-75,-77,-73,-77,-72,-73,-73,-74,-72,-72,-77,-75,-72,-74,-77,-72,-73,-72,-74,-72,-72,-78,-72,-72,-73,-73,-72,-72,-76,-74,-72,-73,-77,-72,-72,-73,-73,-73,-73,-77,-72,-72,-73,-72,-75,-72,-77,-73,-72,-75,-77,-73,-73,-73,-73,-72,-72,-76,-72,-72,-74,-73,-72,-73,-77,-72,-73,-75,-76,-72,-73,-73,-72,-73,-72,-76,-72,-73,-75,-72,-72,-73,-75,-72,-73,-77,-76,-72,-73,-75,-72,-73,-72,-74,-73,-74,-77,-73,-73,-73,-75,-72,-73,-77,-76,-73,-72,-77,-72,-73,-72,-75,-72,-73,-72,-72,-72,-73,-74,-71,-72,-77,-75,-72,-73,-72,-72,-73,-72,-74,-73,-72,-77,-71,-72,-73,-73,-75,-73,-77,-75,-73,-74,-77,-72,-72,-73,-73,-75,0,-77,-72,-73,-74,-72,-72,-72,-77,-73,-72,-74,-77,-71,-72,-73,-73,-72,-72,-76,-72,-72,-74,-73,-72,-73,-74,-73,-73,-75,-76,-72,-72,-72,-71,-72,-72,-75,-72,-73,-73,-71,-77,-72,-75,-72,-72,-77,-77,-72,-72,-75,-76,-74
180,-69,-69,-71,-68,-70,-69,-68,-70,-68,-68,-70,-68,-68,-71,-68,-69,-69,-68,-70,-69,-69,-70,-68,-71,-71,-69,-71,-69,-68,-71,-69,-70,-70,-69,-71,-69,-68,-71,-69,-68,-70,-68,-70,-70,-68,-71,-70,-68,-71,-69,-71,-71,-68,-71,-70,-68,-71,-69,-70,-69,-69,-71,-69,-68,-71,-69,-69,-70,-69,-70,-69,-68,-71,-69,-70,-71,-69,-70,-71,-68,-70,-69,-68,-70,-69,-70,-70,-68,-68,-70,-69,-70,-69,-67,-70,-68,-68,-69,-68,-69,-69,-68,-70,-68,-70,-70,-68,-71,-69,-68,-71,-68,-68,-70,-69,-70,-69,-68,-70,-68,-68,-70,-68,-69,-71,-68,-69,-69,-68,-71,-68,-69,-71,-68,-70,-69,-68,-70,-69,-68,-70,-68,-69,-68,-68,-71,-69,-69,-71,-69,-68,-70,-67,-69,-69,-68,-71,-69,-70,-71,-70,-71,-70,-68,-71,-69,-68,-70,-68,-69,-69,-68,-69,-69,-68,-69,-68,-68,-70,-68,-69,-69,-68,-70,-69,-69,-70,-68,-69,-70,-68,-71,-69,-68,-69,-68,-69,-70,-68,-71,-67,-68,-70,-67,-68,-70,-68,-70,-68,-69,-71,-68,-70,-70,-68,-70,-70,-68,-70,-69,-69,-69,-68,-69,-70,-68,-70,-67,-69,-71,-69,-68,-69,-68,-69,-70,-68,-70,-68,-68,-71,-68,-69,-70,-68,-71,-69,-68,-70,-68,-69,-70,-68,-70,-68,-68,-70,-68,-68,-70,-68,-68,-71,-69,-69,-68,-68,-70,-68,-69,-71,-69,-70,-70,-68,-70,-68,-69,-70,-69,-69,-69,-68,-71,-69,-68,-71,-68,-68,-69,-68,-69,-69,-68,-72,-69,-70,-71,-68,-70,-70,-68,-70,-69,-68,-70,-68,-70,-70,-69,-71,-68,-68,-71,-68,-68,-71,-68,-70,-70,-69,-70,-68,-69,-70,-68,-70,-70,-68,-70,-69,-68,-69,-69,-68,-70,-68,-70,-68,-68,-70,-68,-69,-70,-68,-68,-70,-67,-69,-68,-68,-70,-68,-69,-70,-68,-69,-69,-68,-71,-68,-68,-70,-69,-69,-69,-68,-70,-69,-68,-70,-69,-68,-70,-68,-69,-68,-68,-68,-69,-69,-70,-68,-71,-70,-68,-70,-68,-68,-70,-68,-70,-68,-69,-71,-68,-70,-71,-69,-69,-70,-69,-71,-69,-68,-70,-69,-69,-69,-69,-70,-68,-67,-70,-68,-67,-69,-67,-70,-70,-69,-70,-69,-68,-71,-68,-70,-71,-68,-71,-69,-68,-70,-69,-69,-70,-68,-69,-69,-67,-70,-68,-67,-69,-66,-69,-69,-67,-70,-68,-68,-70,-67,-70,-69,-67,-71,-69,-68,-70,-67,-68,-69,-67,-68,-67,-67,-70,-68,-67,-70,-67,-68,-70,-68,-68,-68,-68,-69,-68,-68,-70,-68,-70,-70,-68,-70,-68,-68,-70,-69,-69,-69,-68,-71,-68,-69,-70,-68,-68
200,-77,-77,-81,-76,-79,-82,-77,-79,-77,-79,-82,-77,-80,-82,-76,-81,-82,-76,-80,-78,-79,-82,-77,-79,-79,-77,-81,-76,-77,-80,-76,-78,-82,-77,-79,-79,-78,-83,-76,-80,-80,-76,-80,-81,-77,-83,-79,-78,-82,-76,-80,-80,-76,-81,-77,-76,-84,-77,-78,-82,-77,-78,-82,-78,-79,-77,-79,-82,-76,-79,-81,-76,-82,-80,-77,-79,-77,-78,-80,-77,-79,-78,-77,-82,-76,-77,-80,-76,-78,-79,-77,-80,-77,-78,-82,-76,-80,-79,-75,-81,-80,-76,-79,-77,-79,-82,-76,-80,-77,-76,-81,-76,-76,-78,-76,-78,-80,-76,-80,-77,-78,-83,-77,-79,-80,-76,-81,-81,-77,-78,-77,-77,-80,-76,-79,-78,-76,-82,-76,-77,-78,-75,-78,-80,-76,-80,-78,-77,-81,-76,-78,-79,-76,-81,-80,-76,-83,-79,-77,-80,-76,-76,-79,-78,-80,-77,-76,-82,-77,-78,-80,-76,-79,-79,-78,-80,-76,-79,-83,-76,-80,-80,-76,-82,-80,-77,-79,-77,-78,-79,-76,-80,-78,-76,-83,-77,-76,-80,-76,-79,-80,-77,-80,-77,-79,-83,-76,-80,-80,-77,-81,-80,-74,-79,-79,-77,-77,-75,-80,-78,-76,-82,-74,-74,-79,-74,-75,-82,-74,-78,-77,-75,-81,-74,-78,-80,-75,-84,-79,-73,-78,-79,-76,-80,-76,-78,-76,-75,-78,-75,-76,-77,-75,-79,-78,-75,-78,-78,-77,-80,-75,-79,-77,-74,-81,-78,-75,-81,-77,-78,-82,-77,-77,-78,-75,-80,-76,-75,-79,-75,-75,-80,-74,-78,-80,-77,-80,-77,-77,-83,-75,-80,-80,-76,-84,-81,-76,-81,-81,-79,-80,-77,-82,-78,-78,-81,-76,-75,-81,-74,-76,-79,-74,-78,-77,-76,-78,-80,-78,-80,-75,-78,-79,-76,-80,-79,-77,-81,-77,-79,-79,-77,-81,-77,-76,-81,-75,-76,-81,-75,-78,-81,-75,-79,-76,-77,-80,-76,-78,-80,-81,-80,-75,-75,-80,-74,-77,-78,-75,-78,-76,-75,-79,-74,-77,-78,-73,-77,-76,-74,-80,-75,-76,-79,-75,-78,-76,-76,-80,-75,-75,-78,-75,-78,-78,-78,-82,-78,-76,-81,-77,-79,-79,-75,-79,-79,-76,-80,-76,-76,-78,-73,-76,-75,-74,-79,-74,-74,-80,-73,-79,-80,-76,-80,-79,-77,-78,-75,-77,-79,-75,-77,-79,-75,-79,-76,-75,-80,-74,-76,-78,-74,-77,-75,-75,-79,-74,-75,-80,-74,-76,-77,-75,-77,-76,-77,-80,-75,-78,-81,-75,-80,-77,-76,-82,-76,-76,-79,-75,-77,-78,-75,-82,-78,-77,-83,-76,-79,-81,-78,-80,-77,-79,-82,-75,-80,-84,-76,-81,-80,-77,-84,-78,-80,-82,-76,-81,-79,-75,-80,-76,-75,-82,-75,-77,-81,-75,-77,-77,-76
250,-76,-78,-81,-79,-76,-79,-79,-77,-78,-77,-77,-76,-76,-77,-80,-78,-79,-78,-80,-77,-77,-80,-75,-77,-79,-80,-77,-77,-79,-81,-80,-77,-81,-78,-77,-78,-76,-78,-77,-76,-81,-79,-77,-81,-78,-80,-78,-77,-78,-76,-77,-79,-80,-77,-77,-78,-80,-80,-76,-80,-78,-77,-78,-76,-77,-76,-76,-80,-79,-77,-81,-78,-79,-80,-78,-81,-78,-76,-81,-79,-77,-78,-79,-78,-79,-77,-81,-78,-77,-79,-79,-76,-78,-77,-79,-79,-76,-82,-79,-78,-80,-78,-81,-78,-76,-80,-79,-77,-78,-79,-78,-77,-77,-80,-80,-76,-81,-79,-76,-78,-76,-78,-77,-77,-80,-80,-77,-80,-78,-80,-78,-76,-82,-76,-77,-79,-79,-78,-77,-79,-80,-79,-77,-81,-79,-77,-79,-77,-79,-77,-76,-80,-79,-78,-82,-78,-81,-79,-77,-81,-77,-76,-79,-79,-78,-77,-78,-80,-79,-77,-80,-79,-76,-80,-77,-77,-78,-77,-80,-78,-77,-81,-79,-79,-79,-76,-81,-77,-77,-78,-78,-77,-78,-78,-79,-79,-77,-81,-79,-77,-80,-77,-77,-77,-76,-79,-79,-77,-81,-79,-78,-80,-78,-80,-77,-76,-79,-78,-76,-77,-78,-78,-80,-77,-81,-79,-76,-80,-78,-77,-78,-77,-77,-76,-77,-81,-80,-78,-80,-78,-80,-78,-76,-81,-76,-77,-78,-80,-78,-77,-78,-80,-79,-77,-81,-78,-77,-79,-76,-78,-78,-77,-80,-80,-77,-81,-79,-80,-79,-76,-80,-78,-76,-79,-79,-78,-77,-78,-80,-79,-77,-80,-78,-76,-79,-77,-77,-78,-77,-79,-79,-78,-81,-78,-79,-79,-77,-81,-78,-75,-80,-79,-76,-77,-78,-78,-79,-77,-78,-79,-76,-80,-78,-77,-78,-75,-78,-79,-77,-81,-79,-77,-79,-78,-80,-78,-75,-80,-80,-76,-77,-78,-78,-75,-77,-80,-80,-78,-81,-81,-78,-77,-77,-80,-76,-77,-82,-78,-80,-80,-78,-83,-78,-76,-80,-76,-79,-78,-79,-81,-77,-79,-83,-78,-77,-82,-78,-79,-78,-77,-79,-75,-77,-83,-77,-78,-81,-78,-84,-79,-76,-82,-76,-77,-80,-78,-78,-76,-78,-81,-78,-77,-83,-78,-78,-79,-76,-79,-78,-77,-81,-79,-78,-83,-78,-81,-83,-76,-82,-77,-76,-81,-78,-77,-77,-78,-79,-77,-77,-79,-78,-76,-82,-78,-79,-78,-77,-80,-78,-78,-84,-79,-79,-82,-78,-82,-78,-77,-83,-78,-77,-79,-79,-80,-75,-79,-83,-80,-78,-80,-78,-77,-79,-78,-80,-74,-78,-81,-76,-79,-81,-77,-81,-76,-76,-83,-74,-77,-79,-77,-80,-75,-77,-82,-77,-76,-83,-77,-79,-78,-79,-81,-77,-79,-79,-79,-79,-84,-78,-82,-79,-77,-83,-77,-78,-81,-78,-79,-77,-78
300,-80,-84,-82,-80,-84,-81,-81,-84,-80,-84,-83,-80,-84,-80,-80,-84,-80,-80,-83,-79,-85,-82,-79,-83,-80,-81,-85,-80,-84,-83,-79,-84,-81,-79,-84,-79,-80,-82,-79,-85,-82,-79,-83,-81,-80,-84,-80,-81,-83,-78,-83,-81,-81,-85,-84,-89,-92,-82,-91,-86,-86,-91,-89,-87,-88,-83,-82,-82,-81,-80,-79,-79,-82,-79,-79,-84,-77,-83,-82,-78,-82,-79,-83,-81,-78,-82,-81,-78,-81,-80,-78,-83,-80,-85,-79,-78,-83,-80,-78,-82,-79,-77,-82,-77,-83,-79,-77,-81,-79,-83,-81,-79,-82,-82,-76,-82,-80,-77,-82,-80,-82,-81,-79,-82,-81,-77,-83,-78,-77,-81,-78,-81,-80,-76,-81,-80,-82,-82,-80,-82,-82,-78,-82,-79,-77,-82,-79,-77,-82,-80,-84,-81,-80,-82,-81,-79,-82,-79,-79,-84,-80,-84,-81,-81,-83,-77,-83,-84,-79,-84,-84,-78,-85,-82,-78,-83,-81,-82,-82,-79,-83,-82,-78,-84,-80,-79,-82,-80,-81,-82,-80,-83,-81,-83,-81,-79,-81,-82,-79,-81,-81,-79,-80,-80,-80,-81,-79,-81,-81,-78,-81,-80,-79,-80,-79,-82,-79,-78,-80,-80,-81,-81,-81,-81,-81,-79,-81,-81,-78,-81,-80,-81,-80,-80,-81,-80,-80,-81,-79,-77,-81,-79,-80,-80,-79,-80,-80,-79,-82,-80,-81,-80,-79,-81,-81,-78,-81,-81,-80,-81,-79,-82,-81,-80,-82,-80,-77,-81,-79,-78,-81,-78,-81,-80,-79,-81,-80,-81,-81,-79,-82,-82,-79,-80,-80,-79,-80,-80,-80,-79,-79,-81,-80,-78,-82,-78,-79,-80,-79,-82,-81,-79,-82,-81,-81,-81,-79,-81,-81,-79,-81,-80,-79,-80,-81,-80,-80,-79,-80,-80,-80,-81,-80,-79,-80,-80,-82,-81,-78,-81,-81,-81,-82,-81,-81,-81,-78,-81,-80,-78,-81,-80,-82,-81,-81,-80,-79,-79,-82,-79,-78,-81,-79,-81,-80,-78,-81,-81,-78,-82,-81,-81,-81,-79,-81,-80,-78,-80,-79,-79,-81,-80,-81,-81,-79,-81,-80,-78,-81,-80,-79,-81,-79,-81,-80,-79,-81,-80,-81,-81,-79,-81,-80,-79,-82,-80,-79,-80,-80,-82,-81,-80,-81,-79,-79,-81,-79,-80,-81,-78,-81,-81,-79,-82,-80,-81,-82,-80,-82,-80,-79,-81,-80,-78,-82,-80,-81,-81,-79,-80,-79,-80,-81,-80,-79,-80,-79,-82,-81,-80,-81,-82,-82,-82,-81,-79,-82,-79,-82,-82,-79,-81,-81,-82,-81,-81,-82,-80,-79,-82,-82,-80,-82,-79,-81,-82,-79,-81,-81,-79,-82,-81,-82,-82,-81,-82,-82,-80,-82,-81,-80,-81,-82,-82,-82,-80,-82,-82,-79,-82,-80,-80,-82,-80,-81,-81,-80,-82,-82,-80
